Name,Docs URL,Number of pages,Example URL,Rendering apps,Navigation document type,Content purpose,User journey,Search user need,Email document type,Government document type,Content Purpose Subgroup,Content Purpose Supergroup
aaib_report,https://docs.publishing.service.gov.uk/document-types/aaib_report.html,10766,https://www.gov.uk/aaib-reports/annual-safety-review-2019,government-frontend,other,reports,thing,government,other,other,incidents,transparency
about,https://docs.publishing.service.gov.uk/document-types/about.html,345,https://www.gov.uk/government/organisations/disclosure-and-barring-service/about,"government-frontend, whitehall-frontend",other,corporate-info,thing,government,other,other,other,other
about_our_services,https://docs.publishing.service.gov.uk/document-types/about_our_services.html,56,https://www.gov.uk/government/organisations/companies-house/about-our-services,"government-frontend, whitehall-frontend",other,corporate-info,thing,government,other,other,other,other
access_and_opening,https://docs.publishing.service.gov.uk/document-types/access_and_opening.html,18,https://www.gov.uk/government/organisations/companies-house/about/access-and-opening,"government-frontend, whitehall-frontend",other,corporate-info,thing,government,other,other,other,other
accessible_documents_policy,https://docs.publishing.service.gov.uk/document-types/accessible_documents_policy.html,54,https://www.gov.uk/government/organisations/public-health-england/about/accessible-documents-policy,"",other,other,thing,government,other,other,other,other
ambassador_role,https://docs.publishing.service.gov.uk/document-types/ambassador_role.html,0,,"",other,other,thing,government,other,other,other,other
answer,https://docs.publishing.service.gov.uk/document-types/answer.html,755,https://www.gov.uk/benefits-calculators,government-frontend,guidance,guidance,thing,core,other,other,transactions,services
asylum_support_decision,https://docs.publishing.service.gov.uk/document-types/asylum_support_decision.html,94,https://www.gov.uk/asylum-support-tribunal-decisions/mas-v-secretary-of-state-for-the-home-department-as-05-05-9315,government-frontend,other,decisions,thing,government,other,other,decisions,news_and_communications
authored_article,https://docs.publishing.service.gov.uk/document-types/authored_article.html,441,https://www.gov.uk/government/speeches/hmci-commentary-our-plans-for-the-autumn,government-frontend,other,speeches-and-statements,thing,government,announcements,statements,speeches_and_statements,news_and_communications
board_member_role,https://docs.publishing.service.gov.uk/document-types/board_member_role.html,0,,"",other,other,thing,government,other,other,other,other
business_finance_support_scheme,https://docs.publishing.service.gov.uk/document-types/business_finance_support_scheme.html,174,https://www.gov.uk/business-finance-support/innovate-uk-grant-funding-innovation-loans-and-expert-support,government-frontend,other,grants-and-funding,thing,government,other,other,business_support,guidance_and_regulation
calculator,https://docs.publishing.service.gov.uk/document-types/calculator.html,0,,calculators,other,transactions,thing,government,other,other,transactions,services
calendar,https://docs.publishing.service.gov.uk/document-types/calendar.html,2,https://www.gov.uk/bank-holidays,frontend,other,guidance,thing,government,other,other,guidance,guidance_and_regulation
case_study,https://docs.publishing.service.gov.uk/document-types/case_study.html,1809,https://www.gov.uk/government/case-studies/case-studies-for-making-tax-digital,government-frontend,other,news,thing,government,other,other,news,news_and_communications
chief_professional_officer_role,https://docs.publishing.service.gov.uk/document-types/chief_professional_officer_role.html,0,,"",other,other,thing,government,other,other,other,other
chief_scientific_advisor_role,https://docs.publishing.service.gov.uk/document-types/chief_scientific_advisor_role.html,0,,"",other,other,thing,government,other,other,other,other
chief_scientific_officer_role,https://docs.publishing.service.gov.uk/document-types/chief_scientific_officer_role.html,0,,"",other,other,thing,government,other,other,other,other
closed_consultation,https://docs.publishing.service.gov.uk/document-types/closed_consultation.html,858,https://www.gov.uk/government/consultations/first-homes,government-frontend,other,engagement-activities,thing,government,publications,consultations,consultations,policy_and_engagement
cma_case,https://docs.publishing.service.gov.uk/document-types/cma_case.html,2083,https://www.gov.uk/cma-cases/online-platforms-and-digital-advertising-market-study,government-frontend,other,engagement-activities,thing,government,other,other,decisions,news_and_communications
coming_soon,https://docs.publishing.service.gov.uk/document-types/coming_soon.html,0,,"whitehall-frontend, government-frontend",other,other,thing,government,other,other,other,other
complaints_procedure,https://docs.publishing.service.gov.uk/document-types/complaints_procedure.html,122,https://www.gov.uk/government/organisations/driver-and-vehicle-licensing-agency/about/complaints-procedure,"government-frontend, whitehall-frontend",other,corporate-info,thing,government,other,other,other,other
completed_transaction,https://docs.publishing.service.gov.uk/document-types/completed_transaction.html,0,,frontend,other,transactions,thing,government,other,other,transactions,services
consultation,https://docs.publishing.service.gov.uk/document-types/consultation.html,0,,"",other,engagement-activities,thing,government,publications,consultations,other,other
consultation_outcome,https://docs.publishing.service.gov.uk/document-types/consultation_outcome.html,4260,https://www.gov.uk/government/consultations/consultation-on-an-additional-gcse-as-and-a-level-exam-series-in-autumn-2020,government-frontend,other,reports,thing,government,publications,consultations,consultations,policy_and_engagement
contact,https://docs.publishing.service.gov.uk/document-types/contact.html,141,https://www.gov.uk/government/organisations/hm-revenue-customs/contact/income-tax-enquiries-for-individuals-pensioners-and-employees,government-frontend,guidance,contacts,thing,government,other,other,other,other
coronavirus_landing_page,https://docs.publishing.service.gov.uk/document-types/coronavirus_landing_page.html,4,https://www.gov.uk/coronavirus,"",other,other,thing,government,other,other,other,other
corporate_report,https://docs.publishing.service.gov.uk/document-types/corporate_report.html,11008,https://www.gov.uk/government/publications/living-in-our-shoes-understanding-the-needs-of-uk-armed-forces-families,"government-frontend, whitehall-frontend",other,corporate-info,thing,government,publications,corporate-reports,transparency_data,transparency
correspondence,https://docs.publishing.service.gov.uk/document-types/correspondence.html,5205,https://www.gov.uk/government/publications/arrangements-for-examinations-and-assessments-in-202021,government-frontend,other,news,thing,government,publications,correspondence,speeches_and_statements,news_and_communications
countryside_stewardship_grant,https://docs.publishing.service.gov.uk/document-types/countryside_stewardship_grant.html,244,https://www.gov.uk/countryside-stewardship-grants/permanent-grassland-with-very-low-inputs-outside-sdas-gs2,government-frontend,other,grants-and-funding,thing,government,other,other,business_support,guidance_and_regulation
decision,https://docs.publishing.service.gov.uk/document-types/decision.html,6309,https://www.gov.uk/government/publications/modification-notice-ehc-plans-legislation-changes,"government-frontend, whitehall-frontend",other,decisions,thing,government,publications,decisions,decisions,news_and_communications
deputy_head_of_mission_role,https://docs.publishing.service.gov.uk/document-types/deputy_head_of_mission_role.html,0,,"",other,other,thing,government,other,other,other,other
detailed_guidance,https://docs.publishing.service.gov.uk/document-types/detailed_guidance.html,0,,whitehall-frontend,other,other,thing,government,other,other,other,other
detailed_guide,https://docs.publishing.service.gov.uk/document-types/detailed_guide.html,6606,https://www.gov.uk/guidance/coronavirus-covid-19-travel-corridors,"government-frontend, whitehall-frontend",guidance,guidance,thing,government,other,other,guidance,guidance_and_regulation
dfid_research_output,https://docs.publishing.service.gov.uk/document-types/dfid_research_output.html,34228,https://www.gov.uk/dfid-research-outputs/fair-society-healthy-lives-the-marmot-review-strategic-review-of-health-inequalities-in-england-post-2010,government-frontend,other,decisions,thing,government,other,other,research,research_and_statistics
document_collection,https://docs.publishing.service.gov.uk/document-types/document_collection.html,4528,https://www.gov.uk/government/collections/slides-and-datasets-to-accompany-coronavirus-press-conferences,"government-frontend, whitehall-frontend",guidance,navigation,finding,government,other,other,other,other
drug_safety_update,https://docs.publishing.service.gov.uk/document-types/drug_safety_update.html,637,https://www.gov.uk/drug-safety-update/direct-acting-oral-anticoagulants-doacs-reminder-of-bleeding-risk-including-availability-of-reversal-agents,government-frontend,other,updates-and-alerts,thing,government,other,other,updates_and_alerts,news_and_communications
email_alert_signup,https://docs.publishing.service.gov.uk/document-types/email_alert_signup.html,0,,email-alert-frontend,other,other,thing,government,other,other,other,other
employment_appeal_tribunal_decision,https://docs.publishing.service.gov.uk/document-types/employment_appeal_tribunal_decision.html,1507,https://www.gov.uk/employment-appeal-tribunal-decisions/argos-ltd-v-ms-k-kuldo-ukeat-0225-19-ba,government-frontend,other,decisions,thing,government,other,other,decisions,news_and_communications
employment_tribunal_decision,https://docs.publishing.service.gov.uk/document-types/employment_tribunal_decision.html,63124,https://www.gov.uk/employment-tribunal-decisions/adrienne-liebenberg-v-ds-smith-packaging-ltd-and-others-2200786-2019,government-frontend,other,decisions,thing,government,other,other,decisions,news_and_communications
equality_and_diversity,https://docs.publishing.service.gov.uk/document-types/equality_and_diversity.html,45,https://www.gov.uk/government/organisations/ministry-of-justice/about/equality-and-diversity,government-frontend,other,corporate-info,thing,government,other,other,other,other
esi_fund,https://docs.publishing.service.gov.uk/document-types/esi_fund.html,1364,https://www.gov.uk/european-structural-investment-funds/humber-leadership-and-management-oc18s20p1733,government-frontend,other,grants-and-funding,thing,government,other,other,business_support,guidance_and_regulation
export_health_certificate,https://docs.publishing.service.gov.uk/document-types/export_health_certificate.html,1748,https://www.gov.uk/export-health-certificates/export-cats-to-australia-certificate-2432,government-frontend,other,other,thing,government,other,other,other,other
external_content,https://docs.publishing.service.gov.uk/document-types/external_content.html,518,https://www.gov.ukhttp://www.wakefield.gov.uk,"",other,other,thing,government,other,other,other,other
facet,https://docs.publishing.service.gov.uk/document-types/facet.html,0,,"",other,other,thing,government,other,other,other,other
facet_group,https://docs.publishing.service.gov.uk/document-types/facet_group.html,0,,"",other,other,thing,government,other,other,other,other
facet_value,https://docs.publishing.service.gov.uk/document-types/facet_value.html,0,,"",other,other,thing,government,other,other,other,other
fatality_notice,https://docs.publishing.service.gov.uk/document-types/fatality_notice.html,505,https://www.gov.uk/government/fatalities/ministry-of-defence-confirms-the-death-of-fusilier-sam-brownridge,government-frontend,other,updates-and-alerts,thing,government,announcements,fatality-notices,news,news_and_communications
field_of_operation,https://docs.publishing.service.gov.uk/document-types/field_of_operation.html,0,,whitehall-frontend,other,organising-entities,thing,government,other,other,other,other
finder,https://docs.publishing.service.gov.uk/document-types/finder.html,43,https://www.gov.uk/search/all,"finder-frontend, whitehall-frontend, collections",other,navigation,finding,government,other,other,other,other
finder_email_signup,https://docs.publishing.service.gov.uk/document-types/finder_email_signup.html,0,,finder-frontend,other,other,thing,government,other,other,other,other
foi_release,https://docs.publishing.service.gov.uk/document-types/foi_release.html,10869,https://www.gov.uk/government/publications/grade-and-salary-bands,government-frontend,other,data,thing,government,publications,foi-releases,freedom_of_information_releases,transparency
form,https://docs.publishing.service.gov.uk/document-types/form.html,5013,https://www.gov.uk/government/publications/application-for-a-vehicle-registration-certificate,"government-frontend, whitehall-frontend",guidance,transactions,thing,government,publications,forms,transactions,services
gone,https://docs.publishing.service.gov.uk/document-types/gone.html,0,,"",other,other,thing,government,other,other,other,other
government,https://docs.publishing.service.gov.uk/document-types/government.html,0,,"",other,other,thing,government,other,other,other,other
government_response,https://docs.publishing.service.gov.uk/document-types/government_response.html,515,https://www.gov.uk/government/news/relationships-education-relationships-and-sex-education-rse-and-health-education-faqs,government-frontend,other,decisions,thing,government,announcements,government-responses,speeches_and_statements,news_and_communications
governor_role,https://docs.publishing.service.gov.uk/document-types/governor_role.html,0,,"",other,other,thing,government,other,other,other,other
guidance,https://docs.publishing.service.gov.uk/document-types/guidance.html,20234,https://www.gov.uk/government/publications/coronavirus-covid-19-travellers-exempt-from-uk-border-rules,"government-frontend, whitehall-frontend",guidance,guidance,thing,government,publications,guidance,guidance,guidance_and_regulation
guide,https://docs.publishing.service.gov.uk/document-types/guide.html,793,https://www.gov.uk/log-in-register-hmrc-online-services,government-frontend,guidance,guidance,thing,core,other,other,transactions,services
help_page,https://docs.publishing.service.gov.uk/document-types/help_page.html,10,https://www.gov.uk/help/terms-conditions,government-frontend,other,corporate-info,thing,government,other,other,other,other
high_commissioner_role,https://docs.publishing.service.gov.uk/document-types/high_commissioner_role.html,0,,"",other,other,thing,government,other,other,other,other
history,https://docs.publishing.service.gov.uk/document-types/history.html,6,https://www.gov.uk/government/history/10-downing-street,"",other,other,thing,government,other,other,other,other
hmrc_manual,https://docs.publishing.service.gov.uk/document-types/hmrc_manual.html,226,https://www.gov.uk/hmrc-internal-manuals/capital-gains-manual,manuals-frontend,other,guidance,thing,government,other,other,guidance,guidance_and_regulation
hmrc_manual_section,https://docs.publishing.service.gov.uk/document-types/hmrc_manual_section.html,79382,https://www.gov.uk/hmrc-internal-manuals/international-exchange-of-information/ieim600000,manuals-frontend,other,guidance,thing,government,other,other,other,other
homepage,https://docs.publishing.service.gov.uk/document-types/homepage.html,0,,frontend,other,navigation,finding,government,other,other,other,other
html_publication,https://docs.publishing.service.gov.uk/document-types/html_publication.html,0,,"government-frontend, whitehall-frontend",other,guidance,thing,government,other,other,other,other
impact_assessment,https://docs.publishing.service.gov.uk/document-types/impact_assessment.html,1061,https://www.gov.uk/government/publications/aid-worker-registration-scheme-legal-review,government-frontend,other,reports,thing,government,publications,impact-assessments,policy,policy_and_engagement
imported,https://docs.publishing.service.gov.uk/document-types/imported.html,0,,"",other,other,thing,government,other,other,other,other
independent_report,https://docs.publishing.service.gov.uk/document-types/independent_report.html,2927,https://www.gov.uk/government/publications/windrush-lessons-learned-review,"government-frontend, whitehall-frontend",other,reports,thing,government,publications,independent-reports,research,research_and_statistics
international_development_fund,https://docs.publishing.service.gov.uk/document-types/international_development_fund.html,44,https://www.gov.uk/international-development-funding/the-agri-tech-catalyst,government-frontend,other,grants-and-funding,thing,government,other,other,business_support,guidance_and_regulation
international_treaty,https://docs.publishing.service.gov.uk/document-types/international_treaty.html,1102,https://www.gov.uk/government/publications/usa-tax-treaties,"government-frontend, whitehall-frontend",other,decisions,thing,government,publications,international-treaties,guidance,guidance_and_regulation
knowledge_alpha,https://docs.publishing.service.gov.uk/document-types/knowledge_alpha.html,0,,frontend,other,other,thing,government,other,other,other,other
licence,https://docs.publishing.service.gov.uk/document-types/licence.html,436,https://www.gov.uk/tv-licence,frontend,guidance,transactions,thing,government,other,other,transactions,services
license_finder,https://docs.publishing.service.gov.uk/document-types/license_finder.html,0,,licencefinder,other,other,finding,government,other,other,other,other
local_transaction,https://docs.publishing.service.gov.uk/document-types/local_transaction.html,131,https://www.gov.uk/apply-free-school-meals,frontend,guidance,transactions,thing,core,other,other,transactions,services
maib_report,https://docs.publishing.service.gov.uk/document-types/maib_report.html,961,https://www.gov.uk/maib-reports/capsize-of-fishing-vessel-anna-marie-ii-with-loss-of-1-life,government-frontend,other,reports,thing,government,other,other,incidents,transparency
mainstream_browse_page,https://docs.publishing.service.gov.uk/document-types/mainstream_browse_page.html,151,https://www.gov.uk/browse/driving,collections,other,navigation,finding,government,other,other,other,other
manual,https://docs.publishing.service.gov.uk/document-types/manual.html,112,https://www.gov.uk/guidance/working-safely-during-coronavirus-covid-19,manuals-frontend,guidance,guidance,thing,government,other,other,guidance,guidance_and_regulation
manual_section,https://docs.publishing.service.gov.uk/document-types/manual_section.html,1966,https://www.gov.uk/guidance/working-safely-during-coronavirus-covid-19/close-contact-services,manuals-frontend,other,guidance,thing,government,other,other,guidance,guidance_and_regulation
map,https://docs.publishing.service.gov.uk/document-types/map.html,418,https://www.gov.uk/government/publications/roads-managed-by-highways-england,government-frontend,guidance,resources,thing,government,publications,maps,guidance,guidance_and_regulation
marine_notice,https://docs.publishing.service.gov.uk/document-types/marine_notice.html,0,,"",other,other,thing,government,other,other,other,other
media_enquiries,https://docs.publishing.service.gov.uk/document-types/media_enquiries.html,47,https://www.gov.uk/government/organisations/department-of-health-and-social-care/about/media-enquiries,"government-frontend, whitehall-frontend",other,corporate-info,thing,government,other,other,other,other
medical_safety_alert,https://docs.publishing.service.gov.uk/document-types/medical_safety_alert.html,792,https://www.gov.uk/drug-device-alerts/class-4-medicines-defect-information-depo-provera-150mg-ml-injection-1ml-vial-el-20-a-26,government-frontend,other,updates-and-alerts,thing,government,other,other,updates_and_alerts,news_and_communications
membership,https://docs.publishing.service.gov.uk/document-types/membership.html,37,https://www.gov.uk/government/organisations/commission-on-human-medicines/about/membership,government-frontend,other,corporate-info,thing,government,other,other,other,other
military_role,https://docs.publishing.service.gov.uk/document-types/military_role.html,0,,"",other,other,thing,government,other,other,other,other
ministerial_role,https://docs.publishing.service.gov.uk/document-types/ministerial_role.html,426,https://www.gov.uk/government/ministers/chancellor-of-the-exchequer,whitehall-frontend,other,organising-entities,thing,government,other,other,other,other
ministers_index,https://docs.publishing.service.gov.uk/document-types/ministers_index.html,0,,"",other,other,thing,government,other,other,other,other
national,https://docs.publishing.service.gov.uk/document-types/national.html,0,,government-frontend,other,other,thing,government,other,other,other,other
national_statistics,https://docs.publishing.service.gov.uk/document-types/national_statistics.html,10055,https://www.gov.uk/government/statistics/race-and-the-criminal-justice-system-statistics-2018,government-frontend,other,data,thing,government,publications,statistics,statistics,research_and_statistics
national_statistics_announcement,https://docs.publishing.service.gov.uk/document-types/national_statistics_announcement.html,1,https://www.gov.uk/government/statistics/announcements/farming-statistics-provisional-2015-cereal-and-oilseed-rape-production-estimates-united-kingdom,government-frontend,other,updates-and-alerts,thing,government,other,other,statistics,research_and_statistics
need,https://docs.publishing.service.gov.uk/document-types/need.html,0,,info-frontend,other,other,thing,government,other,other,other,other
news_article,https://docs.publishing.service.gov.uk/document-types/news_article.html,1350,https://www.gov.uk/government/world-location-news/uk-supports-food-needs-of-vulnerable-afghans,whitehall-frontend,other,news,thing,government,other,other,news,news_and_communications
news_story,https://docs.publishing.service.gov.uk/document-types/news_story.html,40123,https://www.gov.uk/government/news/leicestershire-coronavirus-lockdown-areas-and-changes,"government-frontend, whitehall-frontend",other,news,thing,government,announcements,news-stories,news,news_and_communications
notice,https://docs.publishing.service.gov.uk/document-types/notice.html,3967,https://www.gov.uk/government/publications/covid19-declaration,"government-frontend, whitehall-frontend",other,engagement-activities,thing,government,publications,notices,guidance,guidance_and_regulation
official,https://docs.publishing.service.gov.uk/document-types/official.html,0,,government-frontend,other,other,thing,government,other,other,other,other
official_statistics,https://docs.publishing.service.gov.uk/document-types/official_statistics.html,11744,https://www.gov.uk/government/statistics/coronavirus-and-the-economic-impacts-on-uk-2-july-2020,"government-frontend, whitehall-frontend",other,data,thing,government,publications,statistics,statistics,research_and_statistics
official_statistics_announcement,https://docs.publishing.service.gov.uk/document-types/official_statistics_announcement.html,0,,government-frontend,other,updates-and-alerts,thing,government,other,other,statistics,research_and_statistics
open_consultation,https://docs.publishing.service.gov.uk/document-types/open_consultation.html,65,https://www.gov.uk/government/consultations/proposed-changes-to-the-assessment-of-gcses-as-and-a-levels-in-2021,government-frontend,other,engagement-activities,thing,government,publications,consultations,consultations,policy_and_engagement
oral_statement,https://docs.publishing.service.gov.uk/document-types/oral_statement.html,614,https://www.gov.uk/government/speeches/local-action-to-tackle-coronavirus,government-frontend,other,speeches-and-statements,thing,government,announcements,statements,speeches_and_statements,news_and_communications
organisation,https://docs.publishing.service.gov.uk/document-types/organisation.html,0,,"whitehall-frontend, collections",other,organising-entities,finding,government,other,other,other,other
our_energy_use,https://docs.publishing.service.gov.uk/document-types/our_energy_use.html,27,https://www.gov.uk/government/organisations/ministry-of-defence/about/our-energy-use,government-frontend,other,corporate-info,thing,government,other,other,other,other
our_governance,https://docs.publishing.service.gov.uk/document-types/our_governance.html,105,https://www.gov.uk/government/organisations/public-health-england/about/our-governance,"government-frontend, whitehall-frontend",other,corporate-info,thing,government,other,other,other,other
person,https://docs.publishing.service.gov.uk/document-types/person.html,3818,https://www.gov.uk/government/people/rishi-sunak,whitehall-frontend,other,organising-entities,thing,government,other,other,other,other
personal_information_charter,https://docs.publishing.service.gov.uk/document-types/personal_information_charter.html,107,https://www.gov.uk/government/organisations/driver-and-vehicle-standards-agency/about/personal-information-charter,"government-frontend, whitehall-frontend",other,corporate-info,thing,government,other,other,other,other
petitions_and_campaigns,https://docs.publishing.service.gov.uk/document-types/petitions_and_campaigns.html,3,https://www.gov.uk/government/organisations/ministry-of-housing-communities-and-local-government/about/petitions-and-campaigns,government-frontend,other,corporate-info,thing,government,other,other,other,other
place,https://docs.publishing.service.gov.uk/document-types/place.html,21,https://www.gov.uk/register-offices,frontend,guidance,transactions,thing,core,other,other,transactions,services
placeholder,https://docs.publishing.service.gov.uk/document-types/placeholder.html,0,,whitehall-frontend,other,other,thing,government,other,other,other,other
placeholder_ministerial_role,https://docs.publishing.service.gov.uk/document-types/placeholder_ministerial_role.html,0,,whitehall-frontend,other,other,thing,government,other,other,other,other
placeholder_organisation,https://docs.publishing.service.gov.uk/document-types/placeholder_organisation.html,0,,"",other,other,thing,government,other,other,other,other
placeholder_person,https://docs.publishing.service.gov.uk/document-types/placeholder_person.html,0,,whitehall-frontend,other,other,thing,government,other,other,other,other
placeholder_policy_area,https://docs.publishing.service.gov.uk/document-types/placeholder_policy_area.html,0,,"",other,other,thing,government,other,other,other,other
placeholder_topical_event,https://docs.publishing.service.gov.uk/document-types/placeholder_topical_event.html,0,,"",other,other,thing,government,other,other,other,other
placeholder_world_location,https://docs.publishing.service.gov.uk/document-types/placeholder_world_location.html,0,,"",other,other,thing,government,other,other,other,other
placeholder_world_location_news_page,https://docs.publishing.service.gov.uk/document-types/placeholder_world_location_news_page.html,0,,whitehall-frontend,other,other,thing,government,other,other,other,other
placeholder_worldwide_organisation,https://docs.publishing.service.gov.uk/document-types/placeholder_worldwide_organisation.html,0,,whitehall-frontend,other,other,thing,government,other,other,other,other
policy_area,https://docs.publishing.service.gov.uk/document-types/policy_area.html,0,,whitehall-frontend,other,other,thing,government,other,other,other,other
policy_paper,https://docs.publishing.service.gov.uk/document-types/policy_paper.html,9949,https://www.gov.uk/government/publications/a-plan-for-jobs-documents,"government-frontend, whitehall-frontend",other,guidance,thing,government,publications,policy-papers,policy,policy_and_engagement
press_release,https://docs.publishing.service.gov.uk/document-types/press_release.html,28421,https://www.gov.uk/government/news/beauty-salons-set-to-reopen-for-some-services-next-week-under-new-government-guidelines,government-frontend,other,news,thing,government,announcements,press-releases,news,news_and_communications
procurement,https://docs.publishing.service.gov.uk/document-types/procurement.html,65,https://www.gov.uk/government/organisations/ministry-of-defence/about/procurement,"government-frontend, whitehall-frontend",other,corporate-info,thing,government,other,other,other,other
promotional,https://docs.publishing.service.gov.uk/document-types/promotional.html,829,https://www.gov.uk/government/publications/staying-covid-19-secure-in-2020-notice,"government-frontend, whitehall-frontend",guidance,resources,thing,government,publications,promotional-material,guidance,guidance_and_regulation
publication_scheme,https://docs.publishing.service.gov.uk/document-types/publication_scheme.html,87,https://www.gov.uk/government/organisations/hm-revenue-customs/about/publication-scheme,"government-frontend, whitehall-frontend",other,corporate-info,thing,government,other,other,other,other
raib_report,https://docs.publishing.service.gov.uk/document-types/raib_report.html,468,https://www.gov.uk/raib-reports/report-05-2020-loss-of-brake-control-on-a-sleeper-train-approaching-edinburgh,government-frontend,other,reports,thing,government,other,other,incidents,transparency
recruitment,https://docs.publishing.service.gov.uk/document-types/recruitment.html,92,https://www.gov.uk/government/organisations/department-for-work-pensions/about/recruitment,"government-frontend, whitehall-frontend",other,corporate-info,thing,government,other,other,other,other
redirect,https://docs.publishing.service.gov.uk/document-types/redirect.html,0,,"",other,other,thing,government,other,other,other,other
regulation,https://docs.publishing.service.gov.uk/document-types/regulation.html,745,https://www.gov.uk/government/publications/model-articles-for-private-companies-limited-by-shares,government-frontend,guidance,guidance,thing,government,publications,regulations,regulation,guidance_and_regulation
research,https://docs.publishing.service.gov.uk/document-types/research.html,11474,https://www.gov.uk/government/publications/the-national-minimum-wage-in-2020,"government-frontend, whitehall-frontend",other,reports,thing,government,publications,research-and-analysis,research,research_and_statistics
residential_property_tribunal_decision,https://docs.publishing.service.gov.uk/document-types/residential_property_tribunal_decision.html,2928,https://www.gov.uk/residential-property-tribunal-decisions/flat-275-park-way-rubery-rednal-b45-9wa-bir-00cn-htc-2020-0002,government-frontend,other,other,thing,government,other,other,other,other
role_appointment,https://docs.publishing.service.gov.uk/document-types/role_appointment.html,0,,"",other,other,thing,government,other,other,other,other
search,https://docs.publishing.service.gov.uk/document-types/search.html,0,,finder-frontend,other,navigation,finding,government,other,other,other,other
service_manual_guide,https://docs.publishing.service.gov.uk/document-types/service_manual_guide.html,175,https://www.gov.uk/service-manual/helping-people-to-use-your-service/understanding-wcag,service-manual-frontend,other,service-manual,thing,government,other,other,other,other
service_manual_homepage,https://docs.publishing.service.gov.uk/document-types/service_manual_homepage.html,1,https://www.gov.uk/service-manual,service-manual-frontend,other,service-manual,finding,government,other,other,other,other
service_manual_service_standard,https://docs.publishing.service.gov.uk/document-types/service_manual_service_standard.html,1,https://www.gov.uk/service-manual/service-standard,service-manual-frontend,other,service-manual,thing,government,other,other,other,other
service_manual_service_toolkit,https://docs.publishing.service.gov.uk/document-types/service_manual_service_toolkit.html,0,,service-manual-frontend,other,service-manual,thing,government,other,other,other,other
service_manual_topic,https://docs.publishing.service.gov.uk/document-types/service_manual_topic.html,9,https://www.gov.uk/service-manual/agile-delivery,service-manual-frontend,other,service-manual,finding,government,other,other,other,other
service_sign_in,https://docs.publishing.service.gov.uk/document-types/service_sign_in.html,0,,government-frontend,other,other,thing,government,other,other,other,other
service_standard_report,https://docs.publishing.service.gov.uk/document-types/service_standard_report.html,195,https://www.gov.uk/service-standard-reports/dvla-webchat-alpha-assessment,government-frontend,other,reports,thing,government,other,other,decisions,news_and_communications
services_and_information,https://docs.publishing.service.gov.uk/document-types/services_and_information.html,0,,collections,other,corporate-info,finding,government,other,other,other,other
simple_smart_answer,https://docs.publishing.service.gov.uk/document-types/simple_smart_answer.html,32,https://www.gov.uk/sold-bought-vehicle,frontend,guidance,transactions,thing,core,other,other,transactions,services
smart_answer,https://docs.publishing.service.gov.uk/document-types/smart_answer.html,0,,smartanswers,guidance,transactions,thing,core,other,other,transactions,services
social_media_use,https://docs.publishing.service.gov.uk/document-types/social_media_use.html,42,https://www.gov.uk/government/organisations/foreign-commonwealth-office/about/social-media-use,"government-frontend, whitehall-frontend",other,corporate-info,thing,government,other,other,other,other
special_representative_role,https://docs.publishing.service.gov.uk/document-types/special_representative_role.html,0,,"",other,other,thing,government,other,other,other,other
special_route,https://docs.publishing.service.gov.uk/document-types/special_route.html,3,https://www.gov.uk/find-local-council,"static, publicapi, collections, feedback, whitehall-frontend, email-alert-frontend, frontend, info-frontend, email-campaign-frontend, spotlight, performanceplatform-big-screen-view, finder-frontend, search-api",other,other,thing,government,other,other,other,other
speech,https://docs.publishing.service.gov.uk/document-types/speech.html,8003,https://www.gov.uk/government/speeches/prime-ministers-statement-on-coronavirus-covid-19-3-july-2020,"government-frontend, whitehall-frontend",other,speeches-and-statements,thing,government,announcements,speeches,speeches_and_statements,news_and_communications
staff_update,https://docs.publishing.service.gov.uk/document-types/staff_update.html,18,https://www.gov.uk/government/organisations/sellafield-ltd/about/staff-update,"government-frontend, whitehall-frontend",other,updates-and-alerts,thing,government,other,other,other,other
statistical_data_set,https://docs.publishing.service.gov.uk/document-types/statistical_data_set.html,809,https://www.gov.uk/government/statistical-data-sets/unclaimed-estates-list,"government-frontend, whitehall-frontend",other,data,thing,government,publications,statistics,statistics,research_and_statistics
statistics,https://docs.publishing.service.gov.uk/document-types/statistics.html,33,https://www.gov.uk/government/organisations/public-health-england/about/statistics,government-frontend,other,data,thing,government,other,other,statistics,research_and_statistics
statistics_announcement,https://docs.publishing.service.gov.uk/document-types/statistics_announcement.html,6,https://www.gov.uk/government/statistics/announcements/uk-armed-forces-recovery-capability-wounded-injured-and-sick-201516,government-frontend,other,updates-and-alerts,thing,government,other,other,statistics,research_and_statistics
statutory_guidance,https://docs.publishing.service.gov.uk/document-types/statutory_guidance.html,957,https://www.gov.uk/government/publications/early-years-foundation-stage-framework--2,"government-frontend, whitehall-frontend",guidance,guidance,thing,government,publications,guidance,guidance,guidance_and_regulation
statutory_instrument,https://docs.publishing.service.gov.uk/document-types/statutory_instrument.html,300,https://www.gov.uk/eu-withdrawal-act-2018-statutory-instruments/the-product-safety-and-metrology-amendment-eu-exit-regulations-2020,government-frontend,other,other,thing,government,other,other,regulation,guidance_and_regulation
step_by_step_nav,https://docs.publishing.service.gov.uk/document-types/step_by_step_nav.html,46,https://www.gov.uk/get-tax-free-childcare,collections,other,other,thing,government,other,other,transactions,services
take_part,https://docs.publishing.service.gov.uk/document-types/take_part.html,0,,government-frontend,other,other,thing,government,other,other,other,other
tax_tribunal_decision,https://docs.publishing.service.gov.uk/document-types/tax_tribunal_decision.html,968,https://www.gov.uk/tax-and-chancery-tribunal-decisions/the-queen-on-the-application-of-1-sanjeev-mehan-and-2-raj-sehgal-v-the-commissioners-for-hm-revenue-and-customs-2020-ukut-0213-tcc,government-frontend,other,decisions,thing,government,other,other,decisions,news_and_communications
taxon,https://docs.publishing.service.gov.uk/document-types/taxon.html,224,https://www.gov.uk/transition,collections,other,navigation,finding,government,other,other,other,other
terms_of_reference,https://docs.publishing.service.gov.uk/document-types/terms_of_reference.html,33,https://www.gov.uk/government/organisations/traffic-commissioners/about/terms-of-reference,"government-frontend, whitehall-frontend",other,corporate-info,thing,government,other,other,other,other
topic,https://docs.publishing.service.gov.uk/document-types/topic.html,401,https://www.gov.uk/topic/personal-tax/self-assessment,collections,other,navigation,finding,government,other,other,other,other
topical_event,https://docs.publishing.service.gov.uk/document-types/topical_event.html,0,,whitehall-frontend,other,organising-entities,finding,government,other,other,other,other
topical_event_about_page,https://docs.publishing.service.gov.uk/document-types/topical_event_about_page.html,0,,government-frontend,other,other,thing,government,other,other,other,other
traffic_commissioner_regulatory_decision,https://docs.publishing.service.gov.uk/document-types/traffic_commissioner_regulatory_decision.html,0,,"",other,other,thing,government,other,other,other,other
traffic_commissioner_role,https://docs.publishing.service.gov.uk/document-types/traffic_commissioner_role.html,0,,"",other,other,thing,government,other,other,other,other
transaction,https://docs.publishing.service.gov.uk/document-types/transaction.html,313,https://www.gov.uk/sign-in-universal-credit,frontend,guidance,transactions,thing,core,other,other,transactions,services
transparency,https://docs.publishing.service.gov.uk/document-types/transparency.html,12274,https://www.gov.uk/government/publications/coronavirus-grant-funding-local-authority-payments-to-small-and-medium-businesses,"government-frontend, whitehall-frontend",other,data,thing,government,publications,transparency-data,transparency_data,transparency
travel_advice,https://docs.publishing.service.gov.uk/document-types/travel_advice.html,225,https://www.gov.uk/foreign-travel-advice/spain,government-frontend,guidance,guidance,thing,core,other,other,guidance,guidance_and_regulation
travel_advice_index,https://docs.publishing.service.gov.uk/document-types/travel_advice_index.html,1,https://www.gov.uk/foreign-travel-advice,frontend,other,navigation,thing,core,other,other,other,other
uk_market_conformity_assessment_body,https://docs.publishing.service.gov.uk/document-types/uk_market_conformity_assessment_body.html,0,,"",other,other,thing,government,other,other,other,other
unpublishing,https://docs.publishing.service.gov.uk/document-types/unpublishing.html,0,,government-frontend,other,other,thing,government,other,other,other,other
utaac_decision,https://docs.publishing.service.gov.uk/document-types/utaac_decision.html,1020,https://www.gov.uk/administrative-appeals-tribunal-decisions/mh-v-secretary-of-state-for-work-and-pensions-pip-2020-ukut-185-aac,government-frontend,other,decisions,thing,government,other,other,decisions,news_and_communications
vanish,https://docs.publishing.service.gov.uk/document-types/vanish.html,0,,"",other,other,thing,government,other,other,other,other
welsh_language_scheme,https://docs.publishing.service.gov.uk/document-types/welsh_language_scheme.html,26,https://www.gov.uk/government/organisations/driver-and-vehicle-licensing-agency/about/welsh-language-scheme,"government-frontend, whitehall-frontend",other,corporate-info,thing,government,other,other,other,other
working_group,https://docs.publishing.service.gov.uk/document-types/working_group.html,0,,government-frontend,other,organising-entities,thing,government,other,other,other,other
world_location,https://docs.publishing.service.gov.uk/document-types/world_location.html,0,,whitehall-frontend,other,organising-entities,thing,government,other,other,other,other
world_location_news_article,https://docs.publishing.service.gov.uk/document-types/world_location_news_article.html,0,,government-frontend,other,news,thing,government,other,other,news,news_and_communications
world_news_story,https://docs.publishing.service.gov.uk/document-types/world_news_story.html,12866,https://www.gov.uk/government/news/french-government-restriction-on-movements-and-implementation-of-sanitary-measures-at-the-borders,government-frontend,other,news,thing,government,announcements,other,news,news_and_communications
worldwide_office_staff_role,https://docs.publishing.service.gov.uk/document-types/worldwide_office_staff_role.html,0,,"",other,other,thing,government,other,other,other,other
worldwide_organisation,https://docs.publishing.service.gov.uk/document-types/worldwide_organisation.html,0,,whitehall-frontend,other,organising-entities,thing,government,other,other,other,other
written_statement,https://docs.publishing.service.gov.uk/document-types/written_statement.html,1898,https://www.gov.uk/government/speeches/travel-corridors,government-frontend,other,speeches-and-statements,thing,government,announcements,statements,speeches_and_statements,news_and_communications

